{"cameraMode":{"drawMode":0,"name":"Shaded","section":"Shading Mode"},"sceneLighting":true,"audioPlay":false,"sceneViewState":{"m_AlwaysRefresh":false,"showFog":true,"showSkybox":true,"showFlares":true,"showImageEffects":true,"showParticleSystems":true,"showVisualEffectGraphs":true,"m_FxEnabled":true},"in2DMode":false,"pivot":{"x":-2.6330723762512209,"y":-10.031133651733399,"z":43.494834899902347},"rotation":{"x":-0.1422356218099594,"y":-0.03503541648387909,"z":0.0050376467406749729,"w":-0.9891999959945679},"size":13.289068222045899,"orthographic":false}